Cg_Cep_CodProdProveedor,Ie_Cpr_Producto
00001R535,001R00535
003K2099J,003K20990
109797381866,003R00024
9797380194,003R00024
9797381848,003R00024
9797381866,003R00024
9797381876,003R00024
9797380197,003R00028
9797381849,003R00028
9797381867,003R00028
9797381877,003R00028
9520532050,003R00728
0003R11603,003R00730
0003R3761,003R00730
003R003761,003R00730
003R11603,003R00730
3R03761,003R00730
3R3761,003R00730
9520522282,003R00730
9797382186,003R02594
0003R3139,003R03139
003R730,003R03761
95205351057,003R05105
0003R5139,003R05139
9520535139,003R05139
XRX3R5431,003R05431
0003R5533,003R05533
0003R5535,003R05535
95205355703,003R05570
0003R5640,003R05640
0003R5650,003R05650
0003R5719,003R05719
1009520535739,003R05739
95205357653,003R05765
95205357707,003R05770
9520535770,003R05770
95205357714,003R05771
95205357721,003R05772
95205357738,003R05773
9520536296,003R06296
95205363227,003R06322
9520536322,003R06322
0003R06324,003R06324
0003R6324,003R06324
95205363241,003R06324
9520536324,003R06324
9520536325,003R06325
9520536320,003R06330
95205363326,003R06332
9520536332,003R06332
0003R6333,003R06333
9520536333,003R06333
95205363845,003R06384
XRX3R6389,003R06389
XRX3R6392,003R06392
10008200,003R08200
7750209226,003R08200
0003R11050,003R11050
9520530050,003R11050
0003R11051,003R11051
9520530051,003R11051
0003R11052,003R11052
952053052,003R11052
0003R11053,003R11053
9520530053,003R11053
0003R11054,003R11054
952053054,003R11054
0003R11055,003R11055
9520530055,003R11055
0003R11056,003R11056
XRX3R11057,003R11057
0003R11058,003R11058
0003R11059,003R11059
9520530059,003R11059
0003R11060,003R11060
0003R11061,003R11061
0003R11086,003R11086
0003R11087,003R11087
0003R11089,003R11089
0003R11090,003R11090
0003R11092,003R11092
0003R11093,003R11093
0003R11094,003R11094
XRX3R11244,003R11244
XRX3R11245,003R11245
0003R11430,003R11430
9520511430,003R11430
0003R11432,003R11432
0003R11434,003R11434
9520511434,003R11434
0003R11436,003R11436
0003R11440,003R11440
9520511440,003R11440
0003R11450,003R11450
0003R11451,003R11451
9520521455,003R11455
0003R11456,003R11456
0003R11458,003R11458
0003R11459,003R11459
0003R11460,003R11460
9520521460,003R11460
0003R11464,003R11464
9520521464,003R11464
0003R11468,003R11468
9520521468,003R11468
0003R11469,003R11469
0003R11470,003R11470
0003R11471,003R11471
0003R11472,003R11472
9520521472,003R11472
0003R11475,003R11475
0003R11476,003R11476
9520521476,003R11476
0003R11478,003R11478
0003R11479,003R11479
0003R11480,003R11480
0003R11483,003R11483
0003R11484,003R11484
9520521484,003R11484
0003R11485,003R11485
0003R11487,003R11487
0003R11488,003R11488
9520521488,003R11488
0003R11489,003R11489
0003R11500,003R11500
0003R11501,003R11501
9520521501,003R11501
0003R11503,003R11503
0003R11504,003R11504
9520321504,003R11504
9520521504,003R11504
0003R11505,003R11505
0003R11506,003R11506
9520521506,003R11506
0003R11507,003R11507
9520521507,003R11507
0003R11510,003R11510
0003R11511,003R11511
9520522757,003R11511
0003R11542,003R11542
0003R11543,003R11543
0003R11545,003R11545
0003R11551,003R11551
9520522225,003R11551
0003R11640,003R11640
0003R11641,003R11641
0003R11643,003R11643
0003R11644,003R11644
0003R11645,003R11645
0003R11646,003R11646
0003R11661,003R11661
0003R11720,003R11720
0003R11721,003R11721
0003R11760,003R11760
0003R11762,003R11762
0003R11764,003R11764
952057127,003R11764
0003R11765,003R11765
0003R11766,003R11766
952057129,003R11766
9520574129,003R11766
0003R11802,003R11802
9520574333,003R11802
0003R11803,003R11803
0003R11804,003R11804
0003R11805,003R11805
0003R11806,003R11806
952057337,003R11806
0003R11807,003R11807
9520574338,003R11807
0003R11808,003R11808
952057339,003R11808
9520574339,003R11808
0003R11810,003R11810
0003R11811,003R11811
9520574342,003R11811
95205120516,003R12051
9520512051,003R12051
9520512052,003R12052
95205120561,003R12056
9520512056,003R12056
95205120592,003R12059
95205120639,003R12063
9520512063,003R12063
95205120646,003R12064
9520512064,003R12064
1009520512288,003R12288
XRX3R12288,003R12288
95205123104,003R12310
9520512310,003R12310
0003R12321,003R12321
95205023213,003R12321
9520502321,003R12321
95205333633,003R12363
9520533363,003R12363
0003R12365,003R12365
95205333657,003R12365
9520533365,003R12365
95205023701,003R12370
9520502370,003R12370
95205003710,003R12371
9520500371,003R12371
9520500373,003R12373
0003R12406,003R12406
0003R12407,003R12407
0003R12425,003R12425
9520532425,003R12425
BLUE SECURITY PAPER,003R15174
104444255,003R44255
7750207293,003R44255
10444264,003R44264
7750207301,003R44264
7750207353,003R44264
10444269,003R44269
7750207309,003R44269
10444470,003R44470
7750207317,003R44470
10444491,003R44491
10444493,003R44491
7750207321,003R44491
10444493,003R44493
7750207329,003R44493
10444495,003R44495
7750207341,003R44495
5017534943982,003R94398
5017534943999,003R94399
5017534970254,003R97025
5017534996001,003R99601
5R589,005R00589
5R616,005R00616
5R617,005R00617
5R618,005R00618
5R619,005R00619
6R297,006R00297
6R396,006R00396
6R752,006R00752
6R826,006R00826
6R842,006R00842
6R861,006R00861
6R862,006R00862
6R863,006R00863
95205608816,006R00881
95205608991,006R00899
95205609011,006R00901
95205609028,006R00902
95205609059,006R00905
95205609141,006R00914
9520560914,006R00914
95205609264,006R00926
95205609271,006R00927
95205609288,006R00928
95205609325,006R00932
95205609332,006R00933
6R968,006R00968
6R977,006R00977
6903752004118,006R01020
006R1155,006R01155
86006R01319,006R01319
8R983,008R00983
8R4023,008R04023
8R7628,008R07628
95205041200,008R07660
95205876635,008R07663
95205878813,008R07881
952058788,008R07881
95205879698,008R07969
8R7975,008R07975
95205809947,008R07994
95205827286,008R12728
8R12896,008R12896
95205135510,013R00551
13R561,013R00561
13R582,013R00582
0013R00589,013R00589
P013R00606,013R00606
0013R00664,013R00664
1076036100879,014R00879
760361008861,014R00886
1P016187900,16187900
1P016188000,16188000
1P016188100,16188100
1P016188200,16188200
001P16189100,16189100
1P016194400,16194400
1P016194500,16194500
1P016194600,16194600
1P016194700,16194700
001P16197300,16197300
1P016197300,16197300
P016197300,16197300
001P16197400,16197400
1P016197400,16197400
001P16197500,16197500
01P16197500,16197500
1P016197500,16197500
001P16197600,16197600
1P016197600,16197600
001P16197700,16197700
1P016197700,16197700
001P16197800,16197800
001P16197900,16197900
1P016197900,16197900
001P16198000,16198000
001P16199300,16199300
001P16199400,16199400
001P16199500,16199500
1P016199500,16199500
001P16199600,16199600
1P016199600,16199600
001P16199700,16199700
001P16199800,16199800
1P016199800,16199800
001P16200001,16200001
1P016200001,16200001
001P16200100,16200100
1P016200100,16200100
001P16200200,16200200
1P016200200,16200200
001P016200300,16200300
001P16200300,16200300
1P016200300,16200300
001P16200400,16200400
1P016200400,16200400
001P16200500,16200500
1P016200500,16200500
001P16200600,16200600
1P016200600,16200600
001P16200700,16200700
1P016200700,16200700
001P16200800,16200800
1P016200800,16200800
42215485265,16201200
001P16201400,16201400
1P016201400,16201400
22K44680,022K44680
0900533/001E,026R00665
26R9950,026R09950
26R9951,026R09951
000033K01115,033K01115
*033K04235*,033K04235
P038K10470,038K10470
P053E07390,053E07390
P053K2390,053K02390
059K2255%,059K22550
P059K39923,059K39923
59k69790,059k69790
P062K11392,062K11392
93K1403,093K01403
30P097N01674,097N01674
097S03220TVR,097S03220
80,097S03220
097S03624ARW,097S03624
30P097S03624,097S03624
097S03625ARX,097S03625
30P097S03625,097S03625
097S03635AUL,097S03635
30P097S03728,097S03728
30P097S03730,097S03730
097S03779DEX,097S03779
30P097S03779,097S03779
30P097S03833,097S03833
097S03873KBN,097S03873
097S03874KBR,097S03874
30P097S03874,097S03874
097S03878KCA,097S03878
30P097S03878,097S03878
097S04029TAU,097S04029
30P097S04179,097S04179
P098K72690,098K72690
101R00090 N,101R00090
P105K03132,105K03132
P105K17807,105K17807
P105K29820,105K29820
1P106R00652,106R00652
1P106R00653,106R00653
1P106R00654,106R00654
1P106R00655,106R00655
1P106R00668,106R00668
1P106R00669,106R00669
1P106R00670,106R00670
1P106R00671,106R00671
1P106R00672,106R00672
1P106R00673,106R00673
1P106R00674,106R00674
1P106R00675,106R00675
1P106R00679,106R00679
1P106R00683,106R00683
1P106R01047,106R01047
1P106R01073,106R01073
1P106R01074,106R01074
1P106R01075,106R01075
1P106R01076,106R01076
1P106R01082,106R01082
1P106R01083,106R01083
1P106R01084,106R01084
1P106R01085,106R01085
1P106R01152,106R01152
1P106R01277,106R01277
1P106R01336,106R01336
1P106R01337,106R01337
106RR0584,106RR00584
95205872019,108R00140
9520580319,108R00319
7897973802945,108R00332
1P108R005 1,108R00581
1P108R00581,108R00581
1P108R00591,108R00591
1P108R00592,108R00592
1P108R00593,108R00593
1P108R00600,108R00600
1P108R00602,108R00602
1P108R00603,108R00603
1P108R00604,108R00604
1P108R00605,108R00605
1P108R00606,108R00606
1P108R00607,108R00607
1P108R00656,108R00656
1P108R00657,108R00657
1P108R00660,108R00660
1P108R00661,108R00661
1P108R00662,108R00662
1P108R00663,108R00663
1P108R00668,108R00668
1P108R00669,108R00669
1P108R00670,108R00670
1P108R00671,108R00671
1P108R00676,108R00676
1P108R00691,108R00691
30P108R00717,108R00717
1P108R00775,108R00775
1P109R00721,109R00721
30P109R00731,109R00731
1P109R00734,109R00734
1P109R00747,109R00747
109RR0636,109RR00636
1P113R00173,113R00173
0113R0180,113R00180
0113R180,113R00180
1P113R00195,113R00195
113R321,113R00321
1P113R00443,113R00443
1P113R00446,113R00446
1P113R00495,113R00495
1P113R00627,113R00627
1P113R00628,113R00628
A034977,113R00653
1P113R00656,113R00656
1P113R00657,113R00657
1P113R00668,113R00668
P113R00668,113R00668
1P113R00691,113R00691
1P113R00721,113R00721
113RR321,113RR0321
1P115R00025,115R00025
1P115R00035,115R00035
1P117K52830,117K52830
121E19942-SP,121E19942
125K021/0,125K02180
126C02480,126E02480
126K22682M R,126K22682
1160K52771,160K52771
160K92822R01,160K92822
1P237E24080,237E24080
300S01959RUX,300S01959
300S02055RUXE,300S02055
301K25861,301K25860
3020-BI,3020_BI
3040-B,3040_B
3045-NI,3045_NI
3100MFP/S,3100MFP_S
8515980401,3125708
3140/B,3140_B
3160/N,3160_N
30P3200MFP.,3200MFP_N
3200MFP,3200MFP_N
3200MFP/N,3200MFP_N
GAL,3200MFP_N
3210/N,3210_N
WC3210/N,3210_N
3220-DN,3220_DN
3220/DN,3220_DN
3220D/N,3220_DN
WC3220,3220_DN
WC3220/DN,3220_DN
3225-DNI,3225_DNI
30P3250$N,3250_DN
3250-DN,3250_DN
3250/DN,3250_DN
3260-DNI,3260_DNI
30P3300MFP8,3300MFP_X
3300FP/X,3300MFP_X
3300MFP/X,3300MFP_X
NRB,3300MFP_X
3320-DNI,3320_DNI
3325-DNI,3325_DNI
3435/DN,3435_DN
PHASER3435,3435_DN
3550-XD,3550_XD
3550/XD,3550_XD
3600-DN,3600_DN
3600/DN,3600_DN
3610-DN,3610_DN
3615-DN,3615_DN
23635MFP/XD,3635MFP_XD
3635-XED,3635MFP_XD
3635MFP-XED,3635MFP_XD
3635MFP/XD,3635MFP_XD
3655-X,3655_X
003R15405,3R24C
17707190459501,3R24C
003R02047,3R24E
1017350026451011,3R24E
17350026451011,3R24E
3650009913,3R24E
3650009914,3R24E
223337238,3R24F
223337239,3R24F
175022333723,3R24F
17502233372386,3R24F
2233372386,3R24F
1266814125,3R24I
612668141256,3R24I
802839402259,3R24P
WC4118X,4118XW
30P4150WX,4150_WX
4250/XD,4250_XD
4260/XDW,4260 XDW
4510/DT,4510_DT
30P4510$X,4510_DX
4510/DX,4510_DX
4510,4510_N
4510/N,4510_N
4600-N,4600_N
4622-DN,4622_DN
P497K02350,497K02350
497K0272J,497K02720
P497K02720,497K02720
30P497K03610,497K03610
P497K03830,497K03830
P498K15330,498K15330
5020/DN,5020_DN
WC5222,5222_SD
5222/SD,5222_SD
WC5222,5222_SD
5225/SD,5225_SD
WC5225,5225_SD
5225A/TD,5225A_TD
WC5225A/TD,5225A_TD
WC5230,5230_TD
550-DN,5550_DN
5550-DN,5550_DN
5550/DN,5550_DN
5550-DT,5550_DT
5550/DT,5550_DT
P600K57871,600K57871
P600K82491R01,600K82491
P600T02172,600T02172
6010-N,6010_N
6015-NI,6015_NI
6015NI,6015_NI
1604K16685,604K16685
P604K18591,604K18591
P604K41660,604K41660
6121MFP/N,6121MFP_N
PHASER6121MFPG/N,6121MFP_N
6128/MFP/N,6128MFP_N
6128MFP/N,6128MFP_N
PHASER6128,6128MFP_N
6140/N,6140_N
6180MFP/D,6180MFP_D
6180MFP/N,6180MFP_N
30P6280$N,6280_DN
6280/DN,6280_DN
6280,6280_N
6400/S,6400_S
WC6400,6400_X
6500-DN,6500_DN
6500/DN,6500_DN
6505-DN,6505_DN
6505/DN,6505_DN
6600-DN,6600_DN
6605-DN,6605_DN
6655-X,6655_X
6700-DN,6700_DN
6903752003104,673S50212
7100-N,7100_N
7120-SD,7120_SD
7120/SD,7120_SD
WC7120,7120_SD
7125-SD,7125_SD
7220-SD,7220_SD
7225-SD,7225_SD
7225-TD,7225_TD
7232/A,7232_A
GBP,7232_A
WC7232,7232_A
WC7242,7242_A
WC7242/A,7242_A
WC7328,7328_A
WC7345,7345_A
30P7400$N,7400/DN
7425/A,7425_A
WC7425,7425_A
WC7435/A,7435_A
7500/DN,7500_DN
7500/DT,7500_DT
7525/A,7525_A
7525/S,7525_S
7530-S,7530_S
WC7556-W,7556_W
7760/DN,7760_DN
7800-DN,7800_DN
7830-T,7830_T
7835-A,7835_A
WC7845-T,7845_T
8560/WDN,8560_WDN
PHASER COLOR,8560_WDN
8860/WDN,8860_WDN
8860MFP/WD,8860MFP_WD
8900-S,8900_S
930W00&13,930W00113
96-0201-001,960201001
P960K27781,960K27781
960K32/81,960K32181
A5V72AA,A5V72AA#ABM
097S04291AB8,AB8
097S03574,AKC
097S03574AKC,AKC
097S04315AL8,AL8
097S03616ANV,ANV
ANV719004,ANV
097S03618ANX,ANX
ANX335473,ANX
AU247AV#32,AU247AV#327
B8V62LT#AB,B8V62LT
098S04922BAY,BAY
BE750G-LM,BE750G
097S04348BP0,BP0
098S04951,BPM
CQ9303-U,CQ9303_U
CQ9303/U,CQ9303_U
701P46784,DC242_MD
DCMT-152,DCMT_152
DOCUMATE 152,DCMT_152
DOCUMATE262I,DCMT_262I
XEROXDOCUMAT,DCMT_3920
DOCUMATE632,DCMT_632
097S03784DTA,DTA
EM889AA#AB,EM889AA#ABA
100S12544FBG,FBG
4595FBG,FBG
FBG963277,FBG
097S03829,GBT
GBT-9327,GBT
GBT-932702,GBT
GBT-932703,GBT
1PGLC-LH-SM=,GLC-LH-SM=
1PGLC-SX-MM=,GLC-SX-MM=
100S12737GYA,GYAE
097S03849,HAE
097S03849HAE,HAE
098S04643HKC,HKC
097S03863HLB,HLB
097S03864HLX,HLX
HLX000232,HLX
098S05015 KBU,KBU
098S05015KBU,KBU
097S02336KF8,KF8
097S03908LBW,LBW
LL649AA#AB,LL649AA
097S03928MAR,MAR
700MAV,MAV
123K08450,MDB
09~03936MFA,MFA
097S03936MFA,MFA
097S03938MGA,MGA
MUA856926,MUA
098S05046NAR,NAR
098S05048NAU,NAU
NK570A8#AB,NK570A8#ABA
097S03964NUA,NUA
300S01843NWR,NWR
300S01844NWT,NWT
097S03972NXL,NXL
3117,P3117
4600-DN,PHASER4600_DN
4600/DN,PHASER4600_DN
1PPWR-C45-2800ACV,PWR-C45-2800ACV
1PPWR-C45-2800ACV/2,PWR-C45-2800ACV/2
100S12028,PYW
097P04009RBK,RBK
097S03189RTH,RTH
097S04028TAM,TAM
TAM304199,TAM
097S04050TKX,TKX
097S04060UAP,UAP
097N01913UXC,UXCN
SVA-ADF/7,VA-ADF/7
097S03301,VDC
097S03311VNU,VNU
097N01823VTA,VTA
5325-SD,W5325_SD
W5325-SD,W5325_SD
W5325-TD,W5325_TD
W5330-SD,W5330_SD
W5330-TD,W5330_TD
W5335-SD,W5335_SD
W5335-TD,W5335_TD
WB991LA#AB,WB991LA#ABM
WB993LA#AB,WB993LA#ABM
WC5632,WC5632P_RA
WC5638P/FA,WC5638_FA
WRT,WC5638P_FA
WC5638S/FA,WC5638S_FA
WC5645PFA,WC5645P_FA
WC5645-FA,WC5645S_FA
WC5645S/FA,WC5645S_FA
WC5645SFA,WC5645S_FA
WC5655S/FA,WC5655S_FA
WC5665P/FA,WC5665P_FA
WC5675S-FA,WC5675S_FA
WC5735C-FA,WC5735C_FA
WC5735C/FA,WC5735C_FA
WC5735,WC5735M_FA
WC5735M-FA,WC5735M_FA
WC5735M/FA,WC5735M_FA
WC5740,WC5740C_FA
WC5740C-FA,WC5740C_FA
WC5740C/FA,WC5740C_FA
WC5745,WC5745C_FA
WC5745-FA,WC5745C_FA
WC5745C-FA,WC5745C_FA
WC5745M,WC5745M_FA
WC5755-FA,WC5755C_FA
WC5755,WC5755M_FA
WC5765,WC5765C_FA
WC5765C/FA,WC5765C_FA
WC5775,WC5775C_FA
WC5775C/FA,WC5775C_FA
WC5845C-FA,WC5845C_FA
WC5865C-FA,WC5865C_FA
WC5875C-FA,WC5875C_FA
1PWS-C2960G-8TC-L,WS-C2960G-8TC-L
1PWS-C3560-48PS-S,WS-C3560-48PS-S
1PWS-C3560G-24TS-S,WS-C3560G-24TS-S
1PWS-C3560G-48TS,WS-C3560G-48TS-S
1PWS-C4507R-E,WS-C4507R-E
1PWS-G5484=,WS-G5484=
1PWS-X4013+,WS-X4013+
1PWS-X4013+/2,WS-X4013+/2
1PWS-X4424-GB-RJ,WS-X4424-GB-RJ45
1PWS-X4424-GB-RJ45,WS-X4424-GB-RJ45
1PWS-X4506-GB-T,WS-X4506-GB-T
1PWS-X4548-GB-RJ45,WS-X4548-GB-RJ45
COMPACMINI,WT837LA#ABM
WT837LA#AB,WT837LA#ABM
097S04093,WXU
XC550-DMP,XC550_DMP
XC550-U,XC550_U
XC560-U,XC560_U
003R98789,XCARD-SCAN
097S04123XDE,XDE
DOCUMATE3125,XDM31255M-WU
097S04160XLF,XLF
097N01911XUT,XUT
XV051LS#AB,XV051LS#ABM
XV052LS#AB,XV052LS#ABM
300S02048YAL,YAL
097S04263YEB,YEB
097S03410YFW,YFW